City_ID,City,Country,Date,Lat,Lng,Max Temp,Humidity,Cloudiness,Wind Speed
0,Elizabethtown,US,2022-01-28 01:52:48,37.694,-85.8591,36.66,61,100,0.0
1,Waipawa,NZ,2022-01-28 01:56:58,-41.4122,175.5153,64.92,48,32,8.14
2,Kosino,RU,2022-01-28 01:56:58,58.4127,51.2782,1.54,97,95,5.48
3,Kapaa,US,2022-01-28 01:55:04,22.0752,-159.319,80.11,59,11,4.0
4,Asau,RO,2022-01-28 01:56:59,46.4333,26.4,34.72,90,96,7.83
5,Jamestown,US,2022-01-28 01:53:20,42.097,-79.2353,24.71,63,100,8.01
6,Punta Arenas,CL,2022-01-28 01:56:59,-53.15,-70.9167,50.11,87,0,9.22
7,Komsomolskiy,UZ,2022-01-28 01:53:14,40.4272,71.7189,27.82,63,100,4.61
8,Gamba,GA,2022-01-28 01:57:00,-2.65,10.0,76.39,88,92,4.97
9,Mayahi,NE,2022-01-28 01:57:00,13.9553,7.6712,58.37,29,1,12.57
10,Vila Franca Do Campo,PT,2022-01-28 01:57:00,37.7167,-25.4333,55.2,73,98,9.53
11,Atuona,PF,2022-01-28 01:57:01,-9.8,-139.0333,78.24,74,7,16.73
12,Hobart,AU,2022-01-28 01:55:00,-42.8794,147.3294,91.02,58,75,1.99
13,San Vicente,AR,2022-01-28 01:57:01,-26.6167,-54.1333,67.68,89,97,5.93
14,Albany,US,2022-01-28 01:57:02,42.6001,-73.9662,25.99,53,100,3.47
15,Mataura,NZ,2022-01-28 01:57:02,-46.1927,168.8643,67.48,25,100,4.07
16,Kutum,SD,2022-01-28 01:57:03,14.2,24.6667,46.98,24,25,7.74
17,Fortuna,US,2022-01-28 01:57:03,40.5982,-124.1573,50.99,83,0,1.01
18,Hermanus,ZA,2022-01-28 01:57:03,-34.4187,19.2345,63.9,81,2,3.49
19,Kupang,ID,2022-01-28 01:57:04,-10.1667,123.5833,82.98,89,75,9.22
20,Avarua,CK,2022-01-28 01:56:40,-21.2078,-159.775,82.45,83,20,18.41
21,Guruvayur,IN,2022-01-28 01:57:04,10.5943,76.0411,76.24,71,11,11.79
22,Bredasdorp,ZA,2022-01-28 01:57:05,-34.5322,20.0403,62.28,82,0,4.61
23,Sobolevo,RU,2022-01-28 01:57:05,54.4299,31.8996,29.39,97,100,14.97
24,Zhigansk,RU,2022-01-28 01:57:06,66.7697,123.3711,-31.88,100,22,3.74
25,Bluff,NZ,2022-01-28 01:57:06,-46.6,168.3333,67.8,59,100,8.99
26,Molchanovo,RU,2022-01-28 01:57:06,57.5817,83.7692,-9.83,99,100,5.88
27,Bud,US,2022-01-28 01:57:07,39.447,-86.1758,32.02,83,100,5.44
28,Ushuaia,AR,2022-01-28 01:57:07,-54.8,-68.3,49.66,81,75,5.75
29,Kirakira,SB,2022-01-28 01:57:08,-10.4544,161.9205,79.36,87,100,7.14
30,Nasirabad,IN,2022-01-28 01:57:08,26.3,74.7333,47.03,44,0,1.81
31,Xiaoweizhai,CN,2022-01-28 01:57:08,26.1903,107.5125,35.17,95,100,4.92
32,Luanda,AO,2022-01-28 01:57:09,-8.8368,13.2343,77.14,84,100,2.95
33,Marsaxlokk,MT,2022-01-28 01:57:09,35.8419,14.5431,51.08,87,20,6.91
34,Rikitea,PF,2022-01-28 01:57:10,-23.1203,-134.9692,78.67,77,75,16.26
35,Lakes Entrance,AU,2022-01-28 01:57:10,-37.8811,147.981,96.17,53,100,7.23
36,Lerwick,GB,2022-01-28 01:54:42,60.1545,-1.1494,42.8,74,53,12.1
37,Gushikawa,JP,2022-01-28 01:57:10,26.3544,127.8686,70.83,88,61,11.39
38,Thompson,CA,2022-01-28 01:57:11,55.7435,-97.8558,-5.64,71,100,8.05
39,Iqaluit,CA,2022-01-28 01:57:11,63.7506,-68.5145,-11.31,83,100,4.0
40,Wajima,JP,2022-01-28 01:57:12,37.4,136.9,34.48,93,75,2.3
41,East London,ZA,2022-01-28 01:57:12,-33.0153,27.9116,72.18,89,71,15.41
42,Port Alfred,ZA,2022-01-28 01:57:12,-33.5906,26.891,70.54,88,91,14.45
43,Mahibadhoo,MV,2022-01-28 01:57:13,3.7833,72.9667,79.29,52,52,4.27
44,Olafsvik,IS,2022-01-28 01:57:13,64.8945,-23.7142,40.17,97,100,29.64
45,Ostrovnoy,RU,2022-01-28 01:58:14,68.0531,39.5131,16.38,91,100,9.4
46,Ardabil,IR,2022-01-28 01:58:14,38.2498,48.2933,16.39,87,91,3.8
47,Lithgow,AU,2022-01-28 01:58:14,-33.4833,150.15,74.66,51,70,2.04
48,Wladyslawowo,PL,2022-01-28 01:58:15,54.7909,18.4009,38.93,95,100,26.44
49,Vaini,TO,2022-01-28 01:58:15,-21.2,-175.2,82.96,77,21,14.14
50,Port Elizabeth,ZA,2022-01-28 01:58:16,-33.918,25.5701,66.49,88,0,11.5
51,Ponta Delgada,PT,2022-01-28 01:58:16,37.7333,-25.6667,55.51,71,20,4.61
52,Arraial Do Cabo,BR,2022-01-28 01:58:16,-22.9661,-42.0278,80.46,74,0,14.97
53,Palmer,US,2022-01-28 01:54:00,42.1584,-72.3287,22.24,65,75,6.91
54,Pangnirtung,CA,2022-01-28 01:53:47,66.1451,-65.7125,-13.4,86,100,6.49
55,Oxbow,CA,2022-01-28 01:58:17,49.2333,-102.1676,12.15,85,100,5.91
56,San Rafael,AR,2022-01-28 01:58:17,-34.6177,-68.3301,72.73,55,100,4.38
57,Isla Mujeres,MX,2022-01-28 01:58:18,21.2311,-86.731,77.16,83,41,12.82
58,Dikson,RU,2022-01-28 01:58:18,73.5069,80.5464,3.47,94,100,23.42
59,Ahipara,NZ,2022-01-28 01:58:19,-35.1667,173.1667,76.41,48,2,10.87
60,Victoria,HK,2022-01-28 01:55:47,22.2855,114.1577,69.76,91,100,11.01
61,Lingao,CN,2022-01-28 01:58:19,19.9103,109.6859,72.25,81,7,10.09
62,Lavrentiya,RU,2022-01-28 01:58:20,65.5833,-171.0,-11.4,90,23,3.69
63,Cape Town,ZA,2022-01-28 01:58:20,-33.9258,18.4232,65.08,76,20,8.05
64,Hailun,CN,2022-01-28 01:58:20,47.45,126.9333,-4.04,92,93,4.88
65,Pisco,PE,2022-01-28 01:58:21,-13.7,-76.2167,68.05,77,0,19.57
66,Castro,BR,2022-01-28 01:58:21,-24.7911,-50.0119,65.57,98,100,4.38
67,Puerto Ayora,EC,2022-01-28 01:58:22,-0.7393,-90.3518,73.53,84,76,6.76
68,Souillac,MU,2022-01-28 01:58:22,-20.5167,57.5167,73.78,83,40,3.44
69,Sao Joao Da Barra,BR,2022-01-28 01:58:23,-21.6403,-41.0511,75.54,91,1,15.08
70,Saint-Philippe,RE,2022-01-28 01:58:23,-21.3585,55.7679,72.99,83,53,8.39
71,Kodiak,US,2022-01-28 01:58:24,57.79,-152.4072,32.76,98,100,17.22
72,Mount Isa,AU,2022-01-28 01:58:24,-20.7333,139.5,76.77,100,75,10.36
73,Roma,US,2022-01-28 01:58:24,43.2128,-75.4557,28.83,56,100,1.99
74,Vardo,NO,2022-01-28 01:58:25,70.3705,31.1107,26.65,93,100,7.96
75,Chokurdakh,RU,2022-01-28 01:58:25,70.6333,147.9167,-25.46,91,53,9.08
76,Carnarvon,AU,2022-01-28 01:58:26,-24.8667,113.6333,82.47,65,0,4.61
77,Buala,SB,2022-01-28 01:58:26,-8.145,159.5921,81.18,81,99,4.63
78,Faya,SA,2022-01-28 01:58:27,18.3851,42.4509,51.91,85,23,3.18
79,Novosergiyevka,RU,2022-01-28 01:58:27,52.0934,53.6528,11.1,92,100,6.6
80,Naze,JP,2022-01-28 01:58:27,28.3667,129.4833,59.92,78,93,10.8
81,Half Moon Bay,US,2022-01-28 01:58:28,37.4636,-122.4286,62.29,58,0,0.0
82,Maragogi,BR,2022-01-28 01:58:28,-9.0122,-35.2225,77.86,82,80,4.61
83,Cabo San Lucas,MX,2022-01-28 01:58:12,22.8909,-109.9124,71.51,68,15,1.39
84,Yellowknife,CA,2022-01-28 01:58:29,62.456,-114.3525,-7.08,77,75,2.3
85,Vavuniya,LK,2022-01-28 01:58:29,8.7514,80.4971,72.09,83,87,2.77
86,Bani,DO,2022-01-28 01:58:30,18.2833,-70.3333,78.24,82,0,5.19
87,Kemijarvi,FI,2022-01-28 01:58:30,66.7131,27.4306,4.14,100,92,1.81
88,Narsaq,GL,2022-01-28 01:58:31,60.9167,-46.05,-0.69,86,15,6.26
89,Kiama,AU,2022-01-28 01:59:31,-34.6833,150.8667,87.26,63,9,7.0
90,Tuktoyaktuk,CA,2022-01-28 01:59:32,69.4541,-133.0374,-18.4,76,20,11.5
91,Manokwari,ID,2022-01-28 01:59:32,-0.8667,134.0833,83.48,68,92,2.93
92,Damaturu,NG,2022-01-28 01:59:33,11.747,11.9608,58.48,50,0,10.2
93,Sur,OM,2022-01-28 01:59:33,22.5667,59.5289,67.1,50,0,4.41
94,Kahului,US,2022-01-28 01:57:17,20.8947,-156.47,75.97,74,54,8.25
95,Porto Novo,BJ,2022-01-28 01:59:34,6.4965,2.6036,80.42,87,83,2.51
96,Leningradskiy,RU,2022-01-28 01:59:34,69.3833,178.4167,-17.77,95,27,2.75
97,San Carlos De Bariloche,AR,2022-01-28 01:57:39,-41.1456,-71.3082,71.35,43,20,0.0
98,Khatanga,RU,2022-01-28 01:59:35,71.9667,102.5,-1.57,84,67,11.54
99,Todos Santos,MX,2022-01-28 01:59:35,23.45,-110.2167,71.01,72,2,6.85
100,Beni Suef,EG,2022-01-28 01:59:35,29.0731,31.0979,42.62,81,4,1.95
101,Kolokani,ML,2022-01-28 01:59:36,13.5728,-8.0339,69.53,13,0,7.65
102,Ridgecrest,US,2022-01-28 01:59:36,35.6225,-117.6709,56.46,19,0,1.72
103,Upernavik,GL,2022-01-28 01:59:37,72.7868,-56.1549,2.77,91,100,19.53
104,Ningyang,CN,2022-01-28 01:59:37,35.7642,116.7914,35.76,40,100,3.76
105,Sonoita,MX,2022-01-28 01:59:38,31.85,-112.8333,58.53,24,83,10.92
106,Nuuk,GL,2022-01-28 01:59:38,64.1835,-51.7216,4.41,77,100,10.36
107,Kholodnyy,RU,2022-01-28 01:59:38,62.7167,147.95,-3.73,94,100,7.07
108,Barrow,US,2022-01-28 01:59:39,71.2906,-156.7887,-25.26,99,55,10.98
109,Coihaique,CL,2022-01-28 01:59:39,-45.5752,-72.0662,73.35,35,0,5.75
110,Gornoye Loo,RU,2022-01-28 01:59:40,43.7129,39.6049,35.38,86,100,3.0
111,Butaritari,KI,2022-01-28 01:59:40,3.0707,172.7902,82.31,78,2,15.79
112,Sitka,US,2022-01-28 01:59:40,57.0531,-135.33,42.69,75,100,14.97
113,Geraldton,AU,2022-01-28 01:59:41,-28.7667,114.6,91.81,27,0,14.97
114,Mugur-Aksy,RU,2022-01-28 01:59:41,50.35,90.5,-14.96,90,86,5.68
115,Morehead,US,2022-01-28 01:59:42,37.2711,-87.1764,37.15,41,100,0.0
116,Lebyazhye,RU,2022-01-28 01:59:42,55.2689,66.4947,3.49,100,100,3.15
117,New Norfolk,AU,2022-01-28 01:59:42,-42.7826,147.0587,91.65,39,38,1.99
118,Bandarbeyla,SO,2022-01-28 01:59:43,9.4942,50.8122,73.67,67,100,19.66
119,Broager,DK,2022-01-28 01:59:43,54.8874,9.681,41.11,72,75,26.46
120,Busselton,AU,2022-01-28 01:59:44,-33.65,115.3333,76.05,35,0,8.66
121,Banfora,BF,2022-01-28 01:59:11,10.6333,-4.7667,74.73,17,40,3.0
122,Bratsk,RU,2022-01-28 01:59:44,56.1325,101.6142,-10.71,100,99,0.74
123,Cherskiy,RU,2022-01-28 01:59:44,68.75,161.3,-33.99,96,27,2.01
124,Posse,BR,2022-01-28 01:59:45,-14.0931,-46.3694,65.66,90,24,3.58
125,Hithadhoo,MV,2022-01-28 01:59:45,-0.6,73.0833,81.09,69,88,15.55
126,Ponta Do Sol,PT,2022-01-28 01:59:46,32.6667,-17.1,58.01,78,81,3.94
127,Matagami,CA,2022-01-28 01:59:46,49.7502,-77.6328,-9.29,70,40,10.36
128,Grants Pass,US,2022-01-28 01:59:47,42.439,-123.3284,50.58,63,0,1.01
129,Nemuro,JP,2022-01-28 01:59:47,43.3236,145.575,18.03,66,14,8.39
130,Bengkulu,ID,2022-01-28 01:59:47,-3.8004,102.2655,82.0,71,97,1.07
131,Mordovo,RU,2022-01-28 01:59:48,52.0834,40.77,-3.26,100,100,5.7
132,Qaanaaq,GL,2022-01-28 01:59:48,77.484,-69.3632,-10.19,71,30,7.7
133,Kaitangata,NZ,2022-01-28 01:59:49,-46.2817,169.8464,59.94,65,61,7.67
134,Praia,CV,2022-01-28 01:56:30,14.9215,-23.5087,70.34,68,75,23.02
135,Provideniya,RU,2022-01-28 02:00:49,64.3833,-173.3,0.36,71,0,4.47
136,Nikolskoye,RU,2022-01-28 02:00:51,59.7035,30.7861,30.87,96,100,8.1
137,Pemangkat,ID,2022-01-28 02:00:51,1.1667,108.9667,80.47,80,100,6.51
138,Baykit,RU,2022-01-28 02:00:51,61.67,96.37,-21.41,100,65,0.45
139,Flin Flon,CA,2022-01-28 02:00:52,54.7682,-101.865,-3.37,97,17,6.02
140,Nanortalik,GL,2022-01-28 02:00:52,60.1432,-45.2371,11.62,78,42,11.5
141,Arlit,NE,2022-01-28 02:00:53,18.7369,7.3853,58.08,27,0,7.49
142,Havre-Saint-Pierre,CA,2022-01-28 02:00:53,50.2334,-63.5986,17.82,65,100,20.6
143,Segrate,IT,2022-01-28 02:00:54,45.4942,9.3001,43.39,100,100,5.75
144,Codrington,AU,2022-01-28 02:00:54,-38.2667,141.9667,72.41,71,80,8.28
145,Saint George,US,2022-01-28 01:59:20,37.1041,-113.5841,48.67,18,0,6.13
146,Presidencia Roque Saenz Pena,AR,2022-01-28 02:00:55,-26.7852,-60.4388,76.84,63,96,5.08
147,Vuktyl,RU,2022-01-28 02:00:55,63.8567,57.3094,4.26,96,100,6.89
148,Tiznit,MA,2022-01-28 02:00:56,29.5833,-9.5,55.26,41,97,15.3
149,Flinders,AU,2022-01-28 02:00:57,-34.5833,150.8552,87.06,64,16,5.99
150,Oum Hadjer,TD,2022-01-28 02:00:57,13.2954,19.6966,63.43,22,73,9.24
151,Tasiilaq,GL,2022-01-28 02:00:57,65.6145,-37.6368,21.36,95,100,6.96
152,Sao Filipe,CV,2022-01-28 02:00:58,14.8961,-24.4956,71.69,71,93,12.75
153,Mogadishu,SO,2022-01-28 02:00:58,2.0371,45.3438,75.38,82,93,16.28
154,Soubre,CI,2022-01-28 02:00:59,5.7856,-6.6083,71.87,97,34,2.42
155,Waingapu,ID,2022-01-28 02:00:59,-9.6567,120.2641,85.24,65,100,12.64
156,Seoul,KR,2022-01-28 01:57:48,37.5683,126.9778,29.59,50,0,6.91
157,Abu Kamal,SY,2022-01-28 02:01:00,34.4506,40.9171,41.29,69,0,8.1
158,Bambous Virieux,MU,2022-01-28 02:01:00,-20.3428,57.7575,73.22,70,1,8.84
159,Altus,US,2022-01-28 02:01:01,34.6381,-99.334,31.51,89,0,3.44
160,Namibe,AO,2022-01-28 02:01:02,-15.1961,12.1522,73.78,85,100,5.32
161,Kuybyshevskiy Zaton,RU,2022-01-28 02:01:02,55.1593,49.1701,3.78,97,98,5.23
162,Los Llanos De Aridane,ES,2022-01-28 02:01:03,28.6585,-17.9182,55.15,74,75,8.99
163,Port Blair,IN,2022-01-28 02:01:03,11.6667,92.75,82.44,74,20,6.91
164,Saskylakh,RU,2022-01-28 02:01:04,71.9167,114.0833,4.03,89,87,13.89
165,Vershino-Darasunskiy,RU,2022-01-28 02:01:04,52.35,115.5167,-7.38,86,24,4.21
166,Verkhoyansk,RU,2022-01-28 02:01:04,67.5447,133.385,-17.05,94,100,2.64
167,Dumai,ID,2022-01-28 02:01:05,1.6833,101.45,82.56,65,31,4.07
168,Eyl,SO,2022-01-28 02:01:05,7.9803,49.8164,71.89,72,88,16.6
169,Beian,NO,2022-01-28 02:01:06,63.6559,9.5683,38.01,56,75,25.32
170,Hualmay,PE,2022-01-28 02:01:06,-11.0964,-77.6139,70.32,85,100,7.31
171,Tiksi,RU,2022-01-28 02:01:07,71.6872,128.8694,-13.95,96,45,10.07
172,Vila,PT,2022-01-28 02:01:07,42.0304,-8.1588,36.48,78,0,4.97
173,West Lafayette,US,2022-01-28 02:01:08,40.4259,-86.9081,32.38,85,100,5.75
174,Okhotsk,RU,2022-01-28 02:01:08,59.3833,143.3,0.81,85,100,18.84
175,Upata,VE,2022-01-28 02:01:08,8.0086,-62.3989,74.19,74,4,4.25
176,Pilar,BR,2022-01-28 02:01:09,-9.5972,-35.9567,76.93,90,63,2.55
177,Tulum,MX,2022-01-28 02:01:09,20.2167,-87.4667,74.93,94,23,5.82
178,Dingle,PH,2022-01-28 02:01:10,10.9995,122.6711,83.26,76,88,8.14
179,Touros,BR,2022-01-28 02:00:44,-5.1989,-35.4608,78.67,81,100,6.98
180,Axim,GH,2022-01-28 02:01:10,4.8699,-2.2405,78.1,85,26,4.29
181,Seydi,TM,2022-01-28 02:02:11,39.4816,62.9137,47.41,35,81,13.35
182,Norman Wells,CA,2022-01-28 02:02:11,65.282,-126.8329,-2.83,99,100,3.11
183,Masterton,NZ,2022-01-28 02:02:12,-40.9597,175.6575,74.97,34,13,4.94
184,Libreville,GA,2022-01-28 02:02:12,0.3925,9.4537,78.44,85,100,5.37
185,Cadillac,US,2022-01-28 02:02:12,44.2519,-85.4012,18.16,67,100,8.05
186,Clonakilty,IE,2022-01-28 02:02:13,51.6231,-8.8706,40.21,90,72,5.75
187,Limbang,MY,2022-01-28 02:02:13,4.75,115.0,77.11,75,83,2.13
188,Usinsk,RU,2022-01-28 02:02:14,65.9939,57.5281,-1.68,99,90,11.05
189,Lebu,CL,2022-01-28 02:02:14,-37.6167,-73.65,59.54,94,8,2.04
190,Batagay-Alyta,RU,2022-01-28 02:02:16,67.8006,130.4114,-22.14,93,46,3.09
191,Ovre Ardal,NO,2022-01-28 02:02:16,61.3167,7.8,21.47,98,84,5.91
192,Grindavik,IS,2022-01-28 02:02:16,63.8424,-22.4338,41.47,93,100,26.46
193,Nhulunbuy,AU,2022-01-28 02:02:17,-12.2333,136.7667,88.41,70,40,11.5
194,Byron Bay,AU,2022-01-28 02:02:17,-28.65,153.6167,84.15,64,13,9.24
195,Lazaro Cardenas,MX,2022-01-28 02:00:02,17.9583,-102.2,76.26,75,4,4.09
196,Hilo,US,2022-01-28 02:02:18,19.7297,-155.09,77.25,83,9,5.01
197,Peruibe,BR,2022-01-28 02:02:18,-24.32,-46.9983,74.75,95,100,7.38
198,Luderitz,NA,2022-01-28 02:02:19,-26.6481,15.1594,66.45,75,0,23.11
199,Tabou,CI,2022-01-28 02:02:19,4.423,-7.3528,78.8,80,68,4.92
200,Viedma,AR,2022-01-28 02:02:19,-40.8135,-62.9967,67.95,52,0,18.75
201,Knin,HR,2022-01-28 02:02:20,44.0439,16.2,38.12,84,1,1.95
202,Airai,TL,2022-01-28 02:02:20,-8.9266,125.4092,73.26,58,61,4.45
203,Santa Rosa,PH,2022-01-28 02:02:21,14.3122,121.1114,86.11,70,48,10.18
204,Marawi,PH,2022-01-28 02:02:21,7.9986,124.2928,70.65,64,49,2.91
205,San Quintin,MX,2022-01-28 02:02:21,30.4833,-115.95,59.04,68,100,6.76
206,Smithers,CA,2022-01-28 02:02:22,54.7804,-127.1743,16.75,93,56,1.07
207,Bowen,AU,2022-01-28 02:02:22,-20.0167,148.2333,82.06,73,100,17.13
208,Pozzallo,IT,2022-01-28 02:02:23,36.7305,14.8499,36.25,77,11,8.5
209,Beloha,MG,2022-01-28 02:02:23,-25.1667,45.05,68.16,81,0,9.89
210,Xuddur,SO,2022-01-28 02:02:23,4.1213,43.8894,68.04,62,100,11.92
211,Butajira,ET,2022-01-28 02:02:24,8.1167,38.3667,54.7,46,96,5.91
212,Mackay,AU,2022-01-28 02:02:24,-21.15,149.2,83.68,69,100,16.84
213,Elizabeth City,US,2022-01-28 01:58:40,36.2946,-76.2511,33.98,79,4,3.6
214,Girona,ES,2022-01-28 02:02:25,41.9831,2.8249,51.21,89,2,0.0
215,Masuguru,TZ,2022-01-28 02:02:25,-11.3667,38.4167,70.9,98,100,3.18
216,Hambantota,LK,2022-01-28 02:02:26,6.1241,81.1185,66.54,100,0,5.75
217,Yerbogachen,RU,2022-01-28 02:02:26,61.2767,108.0108,-25.31,100,89,3.96
218,Ndende,GA,2022-01-28 02:02:26,-2.4008,11.3581,72.7,96,99,1.34
219,Cidreira,BR,2022-01-28 02:02:27,-30.1811,-50.2056,72.45,61,92,12.24
220,Great Bend,US,2022-01-28 02:02:27,38.3645,-98.7648,34.61,78,0,8.05
221,Georgetown,MY,2022-01-28 01:58:06,5.4112,100.3354,84.13,85,20,1.01
222,Malinyi,TZ,2022-01-28 02:02:28,-8.9333,36.1333,71.58,96,100,0.34
223,Lidkoping,SE,2022-01-28 02:02:28,58.5052,13.1577,38.41,3,30,18.12
224,Nantucket,US,2022-01-28 02:02:08,41.2835,-70.0995,32.11,68,75,14.97
225,Kushiro,JP,2022-01-28 02:02:29,42.975,144.3747,21.43,72,100,0.29
226,Benguela,AO,2022-01-28 02:02:29,-12.5763,13.4055,78.1,78,100,5.88
227,Bilma,NE,2022-01-28 02:02:29,18.6853,12.9164,55.13,24,5,8.95
228,Killybegs,IE,2022-01-28 02:03:30,54.6333,-8.45,38.44,84,100,7.56
229,Ancud,CL,2022-01-28 02:03:30,-41.8697,-73.8203,61.43,86,0,2.91
230,Vagur,FO,2022-01-28 02:03:31,61.4732,-6.8119,43.75,78,100,22.55
231,Ramsar,IR,2022-01-28 02:03:31,36.9226,50.6426,44.64,90,99,8.05
232,Fairbanks,US,2022-01-28 02:03:32,64.8378,-147.7164,-7.26,75,100,0.0
233,Mar Del Plata,AR,2022-01-28 02:00:30,-38.0023,-57.5575,61.88,75,0,1.99
234,Tutoia,BR,2022-01-28 02:03:33,-2.7619,-42.2744,76.98,86,100,10.69
235,Buin,CL,2022-01-28 02:03:34,-33.7333,-70.75,71.87,79,0,3.42
236,Aguilas,ES,2022-01-28 02:03:34,37.4063,-1.5829,51.06,84,34,9.01
237,Neuquen,AR,2022-01-28 01:59:17,-38.9516,-68.0591,80.49,29,0,5.75
238,Fallon,US,2022-01-28 02:03:35,39.4735,-118.7774,37.92,51,0,6.91
239,Iskateley,RU,2022-01-28 02:03:35,67.6803,53.1512,9.28,95,97,12.39
240,Tura,IN,2022-01-28 02:00:45,25.5198,90.2201,53.1,54,0,1.3
241,Poya,NC,2022-01-28 02:03:35,-21.35,165.15,88.95,59,62,8.12
242,Zavodoukovsk,RU,2022-01-28 02:03:36,56.5042,66.5515,-0.98,99,56,4.85
243,Tagusao,PH,2022-01-28 02:03:36,9.1924,117.8141,82.99,72,100,5.19
244,Zyryanka,RU,2022-01-28 02:03:37,65.75,150.85,-26.7,96,100,6.06
245,Kamenskiy,RU,2022-01-28 02:03:37,50.8855,45.488,17.78,96,100,4.32
246,Boma,GH,2022-01-28 02:03:38,7.0805,-2.1697,69.22,62,11,2.37
247,Kodinsk,RU,2022-01-28 02:03:38,58.6881,99.1844,-16.64,100,99,0.83
248,Katherine,AU,2022-01-28 02:03:38,-14.4667,132.2667,88.12,62,40,14.97
249,Kapustin Yar,RU,2022-01-28 02:03:39,48.5831,45.7372,16.75,98,92,3.8
250,Ossora,RU,2022-01-28 02:03:39,59.2353,163.0719,31.24,97,100,30.51
251,Pastavy,BY,2022-01-28 02:03:40,55.1168,26.8326,33.35,98,100,16.24
252,Mitsamiouli,KM,2022-01-28 02:03:40,-11.3847,43.2844,79.43,77,22,2.64
253,Vao,NC,2022-01-28 02:03:40,-22.6667,167.4833,78.57,84,100,15.43
254,Lufilufi,WS,2022-01-28 02:03:41,-13.8745,-171.5986,83.16,71,100,26.02
255,Amapa,BR,2022-01-28 02:03:41,1.0,-52.0,70.97,99,100,1.88
256,Antalaha,MG,2022-01-28 02:03:42,-14.9003,50.2788,72.39,85,70,6.55
257,Yeppoon,AU,2022-01-28 02:03:42,-23.1333,150.7333,85.78,57,57,16.67
258,Kununurra,AU,2022-01-28 02:03:43,-15.7667,128.7333,87.78,70,40,11.5
259,Lucapa,AO,2022-01-28 02:03:43,-8.4192,20.7447,63.7,95,100,1.59
260,Mount Gambier,AU,2022-01-28 02:03:43,-37.8333,140.7667,77.54,48,0,8.34
261,Port Hardy,CA,2022-01-28 02:00:34,50.6996,-127.4199,47.75,74,97,9.82
262,Envigado,CO,2022-01-28 01:58:52,6.1706,-75.5853,65.3,96,75,2.3
263,Nouadhibou,MR,2022-01-28 02:03:44,20.931,-17.0347,62.62,78,100,19.44
264,Ribeira Grande,PT,2022-01-28 02:03:44,38.5167,-28.7,60.21,73,8,7.45
265,Emerald,AU,2022-01-28 02:03:45,-23.5333,148.1667,86.34,45,97,15.61
266,Salalah,OM,2022-01-28 02:03:45,17.0151,54.0924,68.09,73,20,4.61
267,Petropavlovsk-Kamchatskiy,RU,2022-01-28 02:03:46,53.0452,158.6483,18.19,79,100,8.95
268,Faanui,PF,2022-01-28 02:03:46,-16.4833,-151.75,81.09,76,11,15.86
269,Rocha,UY,2022-01-28 02:01:27,-34.4833,-54.3333,65.53,55,100,4.34
270,Constitucion,CL,2022-01-28 02:03:47,-35.3333,-72.4167,59.5,92,39,4.29
271,Patti,IN,2022-01-28 02:03:47,31.2808,74.8572,42.75,60,0,3.8
272,Prado,BR,2022-01-28 02:03:48,-17.3411,-39.2208,76.01,90,2,7.61
273,Port Moresby,PG,2022-01-28 02:01:57,-9.4431,147.1797,86.14,60,100,5.44
274,Itapecerica,BR,2022-01-28 02:04:48,-20.4725,-45.1256,66.22,86,22,2.33
275,Cayenne,GF,2022-01-28 02:04:48,4.9333,-52.3333,73.44,94,0,1.14
276,Sincelejo,CO,2022-01-28 02:00:14,9.3047,-75.3978,75.58,80,18,6.33
277,Rakiv Lis,UA,2022-01-28 02:04:49,51.6217,24.9243,33.96,97,100,16.73
278,Guerrero Negro,MX,2022-01-28 02:04:39,27.9769,-114.0611,63.81,53,100,11.41
279,Dunedin,NZ,2022-01-28 02:04:49,-45.8742,170.5036,63.81,62,31,14.0
280,Altagracia De Orituco,VE,2022-01-28 02:04:50,9.8601,-66.3814,68.29,92,23,5.93
281,Nicoya,CR,2022-01-28 02:04:50,10.1483,-85.452,78.35,66,3,9.82
282,Muisne,EC,2022-01-28 02:04:50,0.6,-80.0333,74.25,89,90,2.26
283,Fort Nelson,CA,2022-01-28 02:00:34,58.8053,-122.7002,13.71,98,100,3.44
284,Chicama,PE,2022-01-28 02:03:10,-7.8447,-79.1469,66.74,80,100,6.02
285,Mpraeso,GH,2022-01-28 02:04:51,6.5932,-0.7346,68.58,87,33,2.17
286,Del Rio,US,2022-01-28 02:01:07,29.3627,-100.8968,57.42,68,100,8.12
287,Abu Dhabi,AE,2022-01-28 02:04:07,24.4667,54.3667,65.97,79,0,1.99
288,Mahebourg,MU,2022-01-28 02:04:51,-20.4081,57.7,73.26,69,2,8.55
289,Hami,CN,2022-01-28 02:04:52,42.8,93.45,22.75,44,3,3.47
290,Beringovskiy,RU,2022-01-28 02:04:52,63.05,179.3167,3.67,93,100,2.73
291,Jacqueville,CI,2022-01-28 02:04:52,5.2052,-4.4146,78.71,81,51,8.43
292,Ilulissat,GL,2022-01-28 02:04:53,69.2167,-51.1,5.02,66,100,6.91
293,Inhambane,MZ,2022-01-28 02:04:53,-23.865,35.3833,75.45,82,60,7.18
294,Qaqortoq,GL,2022-01-28 02:04:53,60.7167,-46.0333,12.7,89,6,5.84
295,Mlawa,PL,2022-01-28 02:04:54,53.1128,20.3841,37.29,96,100,20.92
296,Gerash,IR,2022-01-28 02:03:01,27.6652,54.1371,53.26,58,7,2.51
297,Kudahuvadhoo,MV,2022-01-28 02:04:54,2.6708,72.8944,80.69,51,100,3.31
298,Berlevag,NO,2022-01-28 02:04:55,70.8578,29.0864,27.19,88,100,3.2
299,Saldanha,ZA,2022-01-28 02:04:55,-33.0117,17.9442,63.39,87,0,15.52
300,Klaksvik,FO,2022-01-28 02:04:56,62.2266,-6.589,43.72,89,100,18.25
301,Atar,MR,2022-01-28 02:04:56,20.5169,-13.0499,64.71,38,100,6.15
302,Padang,ID,2022-01-28 02:04:56,-0.9492,100.3543,82.45,72,78,0.98
303,Mahajanga,MG,2022-01-28 02:04:57,-15.7167,46.3167,73.42,100,20,4.61
304,Pevek,RU,2022-01-28 02:04:57,69.7008,170.3133,-26.23,99,23,1.92
305,Mobai,SL,2022-01-28 02:04:57,7.9944,-10.7511,68.99,98,65,0.11
306,Douentza,ML,2022-01-28 02:04:58,14.9951,-2.9517,66.43,18,1,5.59
307,Puerto Escondido,MX,2022-01-28 02:04:58,15.85,-97.0667,79.63,69,20,0.0
308,Lompoc,US,2022-01-28 02:04:58,34.6391,-120.4579,59.14,60,0,3.44
309,Nishihara,JP,2022-01-28 02:04:59,26.1842,127.7558,71.65,69,40,9.22
310,Tomatlan,MX,2022-01-28 02:04:59,19.9333,-105.25,68.14,79,99,1.88
311,Jiayuguan,CN,2022-01-28 02:05:00,39.8167,98.3,19.54,41,87,2.89
312,Takoradi,GH,2022-01-28 02:05:00,4.8845,-1.7554,78.51,85,23,4.92
313,Walvis Bay,NA,2022-01-28 02:05:00,-22.9575,14.5053,65.08,86,49,14.72
314,Bonga,ET,2022-01-28 02:05:01,7.2833,36.2333,62.15,63,94,0.89
315,Tha Chang,TH,2022-01-28 02:05:01,9.2642,99.1922,79.14,77,28,2.64
316,Norrtalje,SE,2022-01-28 02:05:02,59.758,18.705,34.02,90,100,15.1
317,Korla,CN,2022-01-28 02:00:29,41.7597,86.1469,20.86,63,0,3.62
318,Chabahar,IR,2022-01-28 02:05:02,25.2919,60.643,68.11,52,0,6.4
319,Shaki,AZ,2022-01-28 02:05:03,41.0833,47.1667,35.91,90,100,3.02
320,Solnechnyy,RU,2022-01-28 02:04:35,50.7214,136.6319,-1.86,90,100,2.71
321,Chake Chake,TZ,2022-01-28 02:05:03,-5.2459,39.7666,75.18,82,61,6.24
322,Kavieng,PG,2022-01-28 02:06:04,-2.5744,150.7967,84.99,66,57,5.97
323,Villamontes,BO,2022-01-28 02:06:04,-21.25,-63.5,70.47,94,100,5.08
324,Sorong,ID,2022-01-28 02:05:16,-0.8833,131.25,82.76,74,48,0.49
325,Formosa Do Rio Preto,BR,2022-01-28 02:06:05,-11.0483,-45.1931,69.26,95,99,0.27
326,Talara,PE,2022-01-28 02:06:05,-4.5772,-81.2719,71.38,86,81,7.65
327,Alofi,NU,2022-01-28 02:06:05,-19.0595,-169.9187,85.89,70,75,11.5
328,Indramayu,ID,2022-01-28 02:06:06,-6.3264,108.32,80.58,80,100,7.29
329,Maputo,MZ,2022-01-28 02:06:06,-25.9653,32.5892,78.22,87,100,7.0
330,Aykhal,RU,2022-01-28 02:06:07,66.0,111.5,-18.26,100,36,6.02
331,Hun,LY,2022-01-28 02:06:07,29.1268,15.9477,43.11,58,2,1.88
332,Omboue,GA,2022-01-28 02:06:07,-1.5746,9.2618,77.54,85,100,5.46
333,Chuy,UY,2022-01-28 02:06:06,-33.6971,-53.4616,66.34,69,97,6.29
334,Karasburg,NA,2022-01-28 02:06:08,-28.0167,18.75,71.64,34,6,11.7
335,Paptalaya,HN,2022-01-28 02:06:08,15.5,-84.3167,72.19,91,2,2.53
336,Saint Anthony,US,2022-01-28 02:06:09,45.0205,-93.218,13.84,45,0,6.91
337,Okato,NZ,2022-01-28 02:06:09,-39.2,173.8833,70.68,45,98,6.33
338,Rawson,AR,2022-01-28 02:06:10,-43.3002,-65.1023,78.87,38,4,11.9
339,Ocos,GT,2022-01-28 02:06:10,14.5094,-92.1933,81.25,65,4,4.99
340,Kidal,ML,2022-01-28 02:06:11,18.4411,1.4078,59.65,25,27,12.68
341,Krasnovka,RU,2022-01-28 02:06:11,48.8177,40.0923,1.76,100,99,4.0
342,Januaria,BR,2022-01-28 02:06:11,-15.4833,-44.3667,68.32,91,38,3.22
343,Udachnyy,RU,2022-01-28 02:06:12,66.4167,112.4,-20.63,98,33,4.12
344,Anadyr,RU,2022-01-28 02:06:12,64.75,177.4833,10.9,79,40,4.47
345,Opelika,US,2022-01-28 02:06:13,32.6454,-85.3783,48.07,45,0,4.61
346,Kuito,AO,2022-01-28 02:06:13,-12.3833,16.9333,58.86,97,100,3.04
347,Flagstaff,US,2022-01-28 02:04:05,35.1981,-111.6513,37.31,30,0,5.01
348,Yar-Sale,RU,2022-01-28 02:06:14,66.8333,70.8333,3.47,97,100,5.28
349,Sozimskiy,RU,2022-01-28 02:06:14,59.7418,52.2482,2.08,97,100,5.21
350,Loanda,AO,2022-01-28 02:06:14,-8.8368,13.2343,77.14,84,100,2.95
351,Lithakia,GR,2022-01-28 02:06:15,37.7167,20.8333,42.58,66,10,7.07
352,Denison,US,2022-01-28 02:04:00,33.7557,-96.5367,43.02,70,40,1.99
353,Talnakh,RU,2022-01-28 02:03:27,69.4865,88.3972,4.21,91,100,16.98
354,Bilibino,RU,2022-01-28 02:06:15,68.0546,166.4372,-16.62,96,72,3.49
355,Tahe,CN,2022-01-28 02:06:17,52.3333,124.7333,4.32,68,15,10.87
356,Bonnyville,CA,2022-01-28 02:06:17,54.2668,-110.735,9.91,97,80,3.8
357,Zhanaozen,KZ,2022-01-28 02:06:18,43.3,52.8,30.79,84,100,17.05
358,Navahrudak,BY,2022-01-28 02:06:18,53.6,25.8333,31.96,97,100,16.93
359,Burns Lake,CA,2022-01-28 02:06:18,54.2331,-125.7533,16.57,98,100,3.15
360,Kingston,JM,2022-01-28 02:06:19,17.997,-76.7936,72.21,92,43,1.01
361,Tual,ID,2022-01-28 02:06:19,-5.6667,132.75,84.45,71,97,9.64
362,Martapura,ID,2022-01-28 02:06:20,-3.4167,114.85,84.29,79,40,4.61
363,Muhos,FI,2022-01-28 02:06:20,64.808,25.9931,20.98,99,90,2.44
364,Sechura,PE,2022-01-28 02:06:20,-5.5569,-80.8222,72.43,77,34,9.91
365,Launceston,AU,2022-01-28 02:04:50,-41.45,147.1667,80.62,70,100,3.0
366,Vestmanna,FO,2022-01-28 02:07:21,62.1564,-7.1664,41.92,81,100,4.61
367,Cururupu,BR,2022-01-28 02:07:21,-1.8283,-44.8683,72.27,98,100,2.39
368,Bonavista,CA,2022-01-28 02:07:22,48.6499,-53.1147,17.11,66,87,12.21
369,Nome,US,2022-01-28 02:07:22,64.5011,-165.4064,-5.89,70,0,0.0
370,Pietarsaari,FI,2022-01-28 02:07:23,63.65,22.6833,28.0,86,100,8.05
371,Stromness,GB,2022-01-28 02:07:23,58.965,-3.296,40.96,78,100,19.13
372,Kungurtug,RU,2022-01-28 02:07:24,50.5994,97.5228,-16.29,97,100,1.07
373,Maraa,BR,2022-01-28 02:07:24,-1.8333,-65.3667,73.4,98,100,2.86
374,Qui Nhon,VN,2022-01-28 02:07:24,13.7667,109.2333,75.24,76,88,9.13
375,Azangaro,PE,2022-01-28 02:07:25,-14.9167,-70.2167,42.55,89,100,3.67
376,Kieta,PG,2022-01-28 02:07:25,-6.2167,155.6333,85.32,68,100,3.91
377,Jawhar,SO,2022-01-28 02:07:25,2.7809,45.5005,70.81,81,100,8.32
378,Esperance,AU,2022-01-28 02:07:26,-33.8667,121.9,69.84,56,11,10.67
379,Forestville,US,2022-01-28 02:03:27,38.8451,-76.875,34.2,55,100,1.01
380,Hovd,MN,2022-01-28 02:07:26,48.0056,91.6419,-4.92,85,98,3.02
381,Oxelosund,SE,2022-01-28 02:07:27,58.6706,17.1015,34.18,93,75,17.27
382,Lasa,IT,2022-01-28 02:07:27,46.6166,10.7002,32.74,69,47,8.59
383,Yacuiba,BO,2022-01-28 02:07:28,-22.038,-63.6797,68.34,97,100,8.25
384,Ust-Nera,RU,2022-01-28 02:07:28,64.5667,143.2,-20.07,92,100,2.04
385,Coquimbo,CL,2022-01-28 02:07:28,-29.9533,-71.3436,60.53,88,0,2.3
386,Waidhofen,DE,2022-01-28 02:07:29,48.5833,11.3333,37.76,94,75,16.11
387,Shimoda,JP,2022-01-28 02:07:29,34.6667,138.95,45.1,57,100,6.15
388,Portland,US,2022-01-28 02:05:23,45.5234,-122.6762,43.21,65,0,1.99
389,Zemio,CF,2022-01-28 02:07:30,5.0314,25.1361,68.02,26,12,4.54
390,Joao Camara,BR,2022-01-28 02:07:30,-5.5375,-35.8197,76.24,85,100,4.32
391,Arman,RU,2022-01-28 02:03:13,59.7,150.1667,3.63,84,100,15.39
392,Never,FR,2022-01-28 02:07:30,46.9896,3.159,31.75,85,100,2.24
393,Lamar,US,2022-01-28 02:07:31,33.6668,-95.5836,46.06,49,75,5.75
394,Grand Gaube,MU,2022-01-28 02:07:31,-20.0064,57.6608,73.38,76,0,3.0
395,Gavrilov Posad,RU,2022-01-28 02:07:31,56.5597,40.1175,7.92,93,93,11.92
396,Kapoeta,SS,2022-01-28 02:07:32,4.7717,33.5903,77.52,32,3,4.36
397,Konosha,RU,2022-01-28 02:07:32,60.9736,40.257,12.31,93,100,8.46
398,Samana,DO,2022-01-28 02:07:32,19.2056,-69.3369,73.29,88,0,5.23
399,Wilmington,US,2022-01-28 02:03:33,34.2257,-77.9447,38.86,55,0,0.0
400,Bethel,US,2022-01-28 02:07:10,41.3712,-73.414,30.56,78,20,0.0
401,Lagoa,PT,2022-01-28 02:07:33,39.05,-27.9833,58.62,77,5,15.77
402,Erdenet,MN,2022-01-28 02:07:33,49.0333,104.0833,-6.92,96,12,0.76
403,Dharchula,IN,2022-01-28 02:07:34,29.85,80.5333,37.31,45,0,8.84
404,Eureka,US,2022-01-28 02:02:57,40.8021,-124.1637,50.36,79,0,3.15
405,Arco,IT,2022-01-28 02:07:35,45.9177,10.8867,42.62,51,19,4.18
406,Sakakah,SA,2022-01-28 02:07:35,29.9697,40.2064,39.7,79,3,3.42
407,Durant,US,2022-01-28 02:07:36,33.994,-96.3708,42.53,65,0,3.44
408,Osakarovka,KZ,2022-01-28 02:07:36,50.565,72.5692,0.84,85,93,6.35
409,Awbari,LY,2022-01-28 02:07:37,26.5921,12.7805,41.7,46,0,6.29
410,Anderson,US,2022-01-28 02:03:28,34.5334,-82.6499,40.24,75,0,0.0
411,Graneros,CL,2022-01-28 02:07:37,-34.0667,-70.7333,65.46,70,0,0.78
412,Edson,CA,2022-01-28 02:07:38,53.5835,-116.4356,20.3,93,34,3.76
413,Santiago,CL,2022-01-28 02:06:41,-33.4569,-70.6483,70.99,53,0,14.97
414,San Policarpo,PH,2022-01-28 02:08:38,12.1791,125.5072,81.9,79,98,7.54
415,Yaan,NG,2022-01-28 02:08:38,7.3833,8.5667,76.14,21,1,7.85
416,Harper,LR,2022-01-28 02:08:39,4.375,-7.7169,78.73,80,99,5.77
417,Longyearbyen,SJ,2022-01-28 02:08:39,78.2186,15.6401,10.24,72,75,11.5
418,Laguna,US,2022-01-28 02:08:39,38.421,-121.4238,59.5,63,0,0.0
419,Kruisfontein,ZA,2022-01-28 02:08:40,-34.0033,24.7314,63.88,90,0,8.21
420,Acapulco,MX,2022-01-28 02:08:40,16.8634,-99.8901,78.62,83,0,4.61
421,Vysokogornyy,RU,2022-01-28 02:08:41,50.1167,139.15,-0.02,82,100,3.36
422,Vestmannaeyjar,IS,2022-01-28 02:07:48,63.4427,-20.2734,42.42,90,100,26.28
423,Griffith,US,2022-01-28 02:08:41,41.5284,-87.4237,30.36,79,100,0.0
424,Lorengau,PG,2022-01-28 02:08:41,-2.0226,147.2712,84.22,73,95,8.03
425,Ucluelet,CA,2022-01-28 02:08:42,48.9329,-125.5528,45.09,88,100,1.01
426,Vostok,RU,2022-01-28 02:08:42,46.4856,135.8833,3.42,85,100,7.38
427,Kanganpur,PK,2022-01-28 02:08:43,30.7663,74.1231,43.7,54,0,2.33
428,Bereda,ES,2022-01-28 02:08:43,43.2686,-7.5406,40.41,99,14,2.62
429,Tukrah,LY,2022-01-28 02:08:43,32.5341,20.5791,54.73,62,96,13.29
430,Santa Marta,CO,2022-01-28 02:05:12,11.2408,-74.199,82.89,59,25,18.01
431,Katsuura,JP,2022-01-28 02:08:44,35.1333,140.3,44.71,97,100,9.82
432,Villaba,PH,2022-01-28 02:08:44,11.2135,124.3921,83.52,70,51,4.97
433,Benin,BJ,2022-01-28 02:08:45,9.5,2.25,71.01,21,24,5.28
434,Bathsheba,BB,2022-01-28 02:07:20,13.2167,-59.5167,74.01,83,40,6.91
435,Halifax,CA,2022-01-28 02:06:33,44.6453,-63.5724,20.21,76,79,5.01
436,Fairview,US,2022-01-28 02:08:07,40.8126,-73.999,31.21,50,0,6.91
437,Paamiut,GL,2022-01-28 02:07:37,61.994,-49.6678,2.46,85,82,11.03
438,Matara,LK,2022-01-28 02:08:45,5.9485,80.5353,74.57,78,19,4.85
439,Veraval,IN,2022-01-28 02:06:48,20.9,70.3667,61.39,40,0,15.17
440,Staryy Nadym,RU,2022-01-28 02:08:46,65.6118,72.6842,7.93,95,98,10.45
441,Ankazobe,MG,2022-01-28 02:08:46,-18.3167,47.1167,63.01,92,58,3.87
442,Iberia,US,2022-01-28 02:07:15,29.9502,-91.7507,49.98,61,0,4.61
443,Yelatma,RU,2022-01-28 02:08:47,54.9675,41.7508,0.54,98,83,7.23
444,Banda Aceh,ID,2022-01-28 02:08:47,5.5577,95.3222,81.32,76,80,2.51
445,Nizwa,OM,2022-01-28 02:08:48,22.9333,57.5333,61.68,47,0,2.24
446,Rio Branco,BR,2022-01-28 02:03:50,-9.9747,-67.81,75.81,100,0,2.3
447,Birao,CF,2022-01-28 02:08:48,10.2849,22.7882,67.1,18,100,11.63
448,Sinnamary,GF,2022-01-28 02:08:48,5.3833,-52.95,75.67,86,52,8.16
449,Palana,RU,2022-01-28 02:08:49,59.1167,159.9667,30.72,71,100,20.54
450,Praia Da Vitoria,PT,2022-01-28 02:08:49,38.7333,-27.0667,55.76,88,96,15.93
451,Promyshlennyy,RU,2022-01-28 02:08:50,67.5833,63.9167,-1.05,98,100,7.61
452,Morant Bay,JM,2022-01-28 02:08:00,17.8815,-76.4093,72.66,82,9,5.46
453,Muros,ES,2022-01-28 02:08:50,42.7762,-9.0603,48.09,79,0,11.07
454,Winder,US,2022-01-28 02:08:50,33.9926,-83.7202,44.42,71,40,3.44
455,Maningrida,AU,2022-01-28 02:08:51,-12.0667,134.2667,88.18,62,100,12.64
456,Nieuw Amsterdam,SR,2022-01-28 02:08:51,5.8833,-55.0833,76.01,87,85,6.64
457,Tuatapere,NZ,2022-01-28 02:08:51,-46.1333,167.6833,68.83,41,100,7.09
458,Brownwood,US,2022-01-28 02:08:52,31.7093,-98.9912,46.96,63,100,5.75
459,Prince Rupert,CA,2022-01-28 02:08:52,54.3161,-130.3201,39.09,81,100,6.55
460,Cockburn Town,TC,2022-01-28 02:04:49,21.4612,-71.1419,78.21,72,0,11.72
461,Jijiga,ET,2022-01-28 02:08:53,9.35,42.8,55.87,39,73,12.44
462,Requena,ES,2022-01-28 02:09:53,39.4883,-1.1004,36.72,47,3,3.38
463,Zheleznodorozhnyy,RU,2022-01-28 02:09:53,55.7503,38.0042,19.81,94,99,9.91
464,Gornopravdinsk,RU,2022-01-28 02:09:54,60.05,69.9,8.42,96,100,7.2
465,Curup,ID,2022-01-28 02:09:54,-3.4667,102.5333,77.2,73,90,0.76
466,Tautira,PF,2022-01-28 02:05:55,-17.7333,-149.15,84.22,77,15,16.26
467,Lata,PT,2022-01-28 02:08:23,40.1629,-8.3327,49.05,70,0,5.06
468,Honningsvag,NO,2022-01-28 02:09:55,70.9821,25.9704,30.2,67,100,16.69
469,Aswan,EG,2022-01-28 02:09:56,24.0934,32.907,43.7,52,6,10.22
470,Lundamo,NO,2022-01-28 02:09:57,63.1333,10.3,31.69,70,100,17.45
471,Ayagoz,KZ,2022-01-28 02:09:57,47.9714,80.4392,-16.2,98,47,6.15
472,Xanxere,BR,2022-01-28 02:09:57,-26.8769,-52.4042,64.51,91,96,6.33
473,Shilka,RU,2022-01-28 02:09:58,51.85,116.0333,-9.4,92,24,1.68
474,Katangli,RU,2022-01-28 02:09:59,51.7102,143.2326,-1.05,84,23,6.29
475,Dezful,IR,2022-01-28 02:09:59,32.3811,48.4058,46.27,58,0,0.74
476,Ormara,PK,2022-01-28 02:05:57,25.2088,64.6357,65.71,50,0,1.9
477,Xudat,AZ,2022-01-28 02:09:59,41.631,48.681,34.95,89,100,11.5
478,Khandbari,NP,2022-01-28 02:10:00,27.3747,87.2039,46.33,65,12,2.37
479,Isangel,VU,2022-01-28 02:10:00,-19.55,169.2667,79.43,87,100,10.25
480,Torbay,CA,2022-01-28 02:10:01,47.6666,-52.7314,17.76,87,99,1.99
481,Venice,US,2022-01-28 02:05:21,27.0998,-82.4543,64.99,86,100,13.8
482,Severo-Kurilsk,RU,2022-01-28 02:10:01,50.6789,156.125,24.37,77,94,37.13
483,Mayo,US,2022-01-28 02:08:51,38.8876,-76.5119,35.08,64,100,1.01
484,Peoria,US,2022-01-28 02:07:56,40.7667,-89.7668,32.49,77,100,3.44
485,Andenes,NO,2022-01-28 02:10:02,69.3143,16.1194,31.98,69,40,21.85
486,Gat,IL,2022-01-28 02:08:05,31.61,34.7642,47.39,100,100,11.56
487,Akyab,MM,2022-01-28 02:10:03,20.15,92.9,65.79,71,94,9.08
488,Sisimiut,GL,2022-01-28 02:10:03,66.9395,-53.6735,5.27,81,100,21.85
489,Kindu,CD,2022-01-28 02:10:03,-2.95,25.95,68.18,99,97,1.92
490,Gao,ML,2022-01-28 02:08:46,16.6362,1.637,60.93,22,0,14.56
491,Key West,US,2022-01-28 02:07:20,24.5557,-81.7826,73.4,85,0,0.0
492,Raga,SS,2022-01-28 02:10:04,8.4596,25.678,65.77,23,26,6.51
493,Saint-Augustin,CA,2022-01-28 02:10:04,51.226,-58.6502,-7.94,97,100,0.96
494,Ishigaki,JP,2022-01-28 02:10:05,24.3448,124.1572,71.47,79,93,19.91
495,Malpe,IN,2022-01-28 02:10:05,13.35,74.7167,74.5,73,69,6.51
496,Mao,ES,2022-01-28 02:10:06,39.8885,4.2658,46.96,93,0,6.91
497,Acarau,BR,2022-01-28 02:10:06,-2.8856,-40.12,76.03,86,100,7.99
498,Samarai,PG,2022-01-28 02:10:06,-10.6167,150.6667,83.32,69,100,4.63
499,Novobessergenevka,RU,2022-01-28 02:10:07,47.1847,38.8462,14.88,90,84,2.53
500,Clyde River,CA,2022-01-28 02:10:07,70.4692,-68.5914,-10.97,77,75,13.8
501,Kudeyevskiy,RU,2022-01-28 02:10:08,54.8758,56.7567,2.43,100,72,2.06
502,Hobyo,SO,2022-01-28 02:10:08,5.3505,48.5268,75.81,71,100,18.5
503,Newport,GB,2022-01-28 02:09:44,51.5877,-2.9984,41.11,89,51,1.63
504,Jinchang,CN,2022-01-28 02:10:09,38.4953,102.1739,24.3,37,100,1.57
505,Moron,AR,2022-01-28 02:10:09,-34.6534,-58.6198,67.98,66,3,5.77
506,Berbera,SO,2022-01-28 02:10:09,10.4396,45.0143,71.74,68,95,4.29
507,Osorno,CL,2022-01-28 02:10:10,-40.5667,-73.15,70.11,78,0,0.0
508,Whitehorse,CA,2022-01-28 02:11:10,60.7161,-135.0538,21.09,95,100,6.53
509,Khanpur,PK,2022-01-28 02:11:12,28.6453,70.6567,51.76,27,0,4.47
510,Ntungamo,UG,2022-01-28 02:11:12,-0.8833,29.65,65.66,71,100,3.58
511,Sakaiminato,JP,2022-01-28 02:11:12,35.55,133.2333,45.37,69,29,13.38
512,Banjar,ID,2022-01-28 02:11:13,-8.19,114.9675,78.66,72,100,3.94
513,Daru,PG,2022-01-28 02:10:07,-9.0763,143.2092,85.6,63,100,6.51
514,Tallahassee,US,2022-01-28 02:06:59,30.4383,-84.2807,54.64,78,40,4.61
515,Mangaratiba,BR,2022-01-28 02:10:44,-22.9597,-44.0406,76.42,86,100,5.41
516,Kaeo,NZ,2022-01-28 02:11:14,-35.1,173.7833,73.33,68,7,15.23
517,College,US,2022-01-28 02:10:32,64.8569,-147.8028,-7.35,74,100,0.0
518,Egvekinot,RU,2022-01-28 02:07:39,66.3167,-179.1667,-4.86,93,100,2.28
519,Ornskoldsvik,SE,2022-01-28 02:11:14,63.2909,18.7153,22.82,100,75,6.91
520,Tolbazy,RU,2022-01-28 02:11:15,54.0241,55.8825,2.16,100,99,2.08
521,Meulaboh,ID,2022-01-28 02:11:16,4.1363,96.1285,80.28,80,77,2.68
522,Juigalpa,NI,2022-01-28 02:11:16,12.1063,-85.3645,73.67,76,81,8.37
523,Rio Gallegos,AR,2022-01-28 02:11:16,-51.6226,-69.2181,59.05,58,0,4.61
524,Cowra,AU,2022-01-28 02:11:17,-33.8333,148.6833,84.27,46,39,9.91
525,Lichfield,GB,2022-01-28 02:11:17,52.6815,-1.8255,41.43,92,81,1.01
526,Yelizovo,RU,2022-01-28 02:11:18,53.1873,158.3805,19.54,85,100,11.01
527,Makaha,US,2022-01-28 02:11:18,21.4694,-158.2175,80.51,64,27,3.53
528,Necochea,AR,2022-01-28 02:11:19,-38.5473,-58.7368,57.04,73,0,5.3
529,Ken Caryl,US,2022-01-28 02:09:10,39.5773,-105.1169,23.81,80,63,8.01
530,Mayskiy,RU,2022-01-28 02:11:19,47.6931,40.1025,13.44,98,97,1.63
531,Huancavelica,PE,2022-01-28 02:11:20,-12.7667,-74.9833,39.96,91,100,5.19
532,Carahue,CL,2022-01-28 02:11:20,-38.7,-73.1667,61.0,97,5,3.38
533,Isla Vista,US,2022-01-28 02:11:21,34.4133,-119.861,61.83,50,0,0.0
534,Reconquista,AR,2022-01-28 02:11:21,-29.15,-59.65,67.84,53,0,9.42
535,Qandala,SO,2022-01-28 02:11:22,11.472,49.8728,71.38,69,100,4.61
536,Port Macquarie,AU,2022-01-28 02:11:22,-31.4333,152.9167,81.9,57,1,10.65
537,The Pas,CA,2022-01-28 02:11:22,53.8251,-101.2541,1.63,93,99,7.56
538,Farafangana,MG,2022-01-28 02:11:23,-22.8167,47.8333,73.13,76,87,5.44
539,Mlonggo,ID,2022-01-28 02:07:18,-6.5333,110.7,82.29,79,100,10.27
540,Bhadohi,IN,2022-01-28 02:11:23,25.4167,82.5667,48.2,82,0,6.33
541,Berekum,GH,2022-01-28 02:11:24,7.4534,-2.584,69.44,44,20,3.22
542,Porto Belo,BR,2022-01-28 02:06:49,-27.1578,-48.5531,77.16,86,100,19.44
543,Ayan,RU,2022-01-28 02:11:24,56.45,138.1667,-3.95,65,100,10.67
544,Wattegama,LK,2022-01-28 02:11:24,6.7989,81.4808,72.72,77,49,4.14
545,Kilis,TR,2022-01-28 02:11:25,36.7161,37.115,21.43,76,1,4.14
546,Caconda,AO,2022-01-28 02:11:25,-13.7333,15.0667,58.53,98,100,2.42
547,Anchorage,US,2022-01-28 02:09:09,61.2181,-149.9003,29.32,87,100,3.0
548,Hamilton,US,2022-01-28 02:06:38,39.1834,-84.5333,35.11,81,100,1.99
549,Jalu,LY,2022-01-28 02:11:26,29.0331,21.5482,49.53,74,80,5.66
550,Luena,AO,2022-01-28 02:11:27,-11.7833,19.9167,62.04,97,100,5.53
551,Shingu,JP,2022-01-28 02:12:27,33.7333,135.9833,51.8,41,16,3.31
552,Husavik,IS,2022-01-28 02:12:28,66.0449,-17.3389,33.96,78,100,14.56
553,Ocampo,MX,2022-01-28 02:12:28,21.65,-101.5,58.73,33,100,9.89
554,Noumea,NC,2022-01-28 02:11:10,-22.2763,166.4572,76.98,65,85,13.6
555,Kosonsoy,UZ,2022-01-28 02:12:28,41.2561,71.5508,23.56,20,100,5.1
556,Hofn,IS,2022-01-28 02:12:29,64.2539,-15.2082,37.98,98,100,14.14
557,Fandriana,MG,2022-01-28 02:12:29,-20.2333,47.3833,56.03,93,45,2.39
558,Somerset,US,2022-01-28 02:12:30,40.5668,-74.5496,30.42,58,97,1.01
559,Gaya,IN,2022-01-28 02:12:30,24.7833,85.0,49.57,75,0,5.57
560,Deputatskiy,RU,2022-01-28 02:12:30,69.3,139.9,-22.49,98,32,4.32
561,Hinche,HT,2022-01-28 02:12:31,19.15,-72.0167,78.22,86,10,3.74
562,Hit,IQ,2022-01-28 02:12:31,33.6416,42.8251,43.12,71,5,8.79
563,Madingou,CG,2022-01-28 02:12:32,-4.1536,13.55,70.86,94,76,2.19
564,Dologon,PH,2022-01-28 02:12:32,7.8408,125.0444,83.88,64,39,5.03
565,Lashio,MM,2022-01-28 02:12:32,22.9333,97.75,57.88,82,10,0.13
566,Sterling,US,2022-01-28 02:09:27,39.0062,-77.4286,34.11,54,100,10.0
567,Derazhnya,UA,2022-01-28 02:12:33,49.2692,27.4338,29.97,97,100,14.36
568,Bukachacha,RU,2022-01-28 02:12:14,52.9833,116.9167,-3.82,83,28,3.04
569,Boa Vista,BR,2022-01-28 02:12:33,2.8197,-60.6733,80.58,61,0,5.75
570,Forrest City,US,2022-01-28 02:12:34,35.0081,-90.7898,37.26,57,100,5.75
571,Manavgat,TR,2022-01-28 02:12:34,36.7867,31.4431,41.83,49,0,8.37
